objective_id,indicator_id,frequency,workforce_scope,method,paired_observations,countries,period_start,period_end,coefficient,direction,calculation_status,warned_workforce_rows,interpretation_warning
NEW_HIRE_6M,UNEMPLOYMENT_RATE,QUARTERLY,COUNTRY_TOTAL,SPEARMAN_RANK_CORRELATION,108,6,2021-Q1,2025-Q2,-0.017713703682295894,NEGATIVE,CALCULATED,8,ASSOCIATION_NOT_CAUSATION|REPEATED_COUNTRY_OBSERVATIONS|CURRENT_EXTERNAL_DATA_VINTAGE
NEW_HIRE_6M,JOB_VACANCY_RATE,QUARTERLY,COUNTRY_TOTAL,SPEARMAN_RANK_CORRELATION,108,6,2021-Q1,2025-Q2,0.027509415578579343,POSITIVE,CALCULATED,8,ASSOCIATION_NOT_CAUSATION|REPEATED_COUNTRY_OBSERVATIONS|CURRENT_EXTERNAL_DATA_VINTAGE
SENIOR_HIRE_12M,UNEMPLOYMENT_RATE,QUARTERLY,COUNTRY_TOTAL,SPEARMAN_RANK_CORRELATION,90,6,2021-Q1,2024-Q4,0.09334642407068641,POSITIVE,CALCULATED,90,ASSOCIATION_NOT_CAUSATION|REPEATED_COUNTRY_OBSERVATIONS|CURRENT_EXTERNAL_DATA_VINTAGE
SENIOR_HIRE_12M,JOB_VACANCY_RATE,QUARTERLY,COUNTRY_TOTAL,SPEARMAN_RANK_CORRELATION,90,6,2021-Q1,2024-Q4,0.06255915811262955,POSITIVE,CALCULATED,90,ASSOCIATION_NOT_CAUSATION|REPEATED_COUNTRY_OBSERVATIONS|CURRENT_EXTERNAL_DATA_VINTAGE
REGRETTED_TURNOVER_12M,UNEMPLOYMENT_RATE,QUARTERLY,COUNTRY_TOTAL,SPEARMAN_RANK_CORRELATION,120,6,2021-Q1,2025-Q4,0.09727910882026092,POSITIVE,CALCULATED,0,ASSOCIATION_NOT_CAUSATION|REPEATED_COUNTRY_OBSERVATIONS|CURRENT_EXTERNAL_DATA_VINTAGE
REGRETTED_TURNOVER_12M,JOB_VACANCY_RATE,QUARTERLY,COUNTRY_TOTAL,SPEARMAN_RANK_CORRELATION,120,6,2021-Q1,2025-Q4,-0.26319163260543027,NEGATIVE,CALCULATED,0,ASSOCIATION_NOT_CAUSATION|REPEATED_COUNTRY_OBSERVATIONS|CURRENT_EXTERNAL_DATA_VINTAGE
NEW_HIRE_6M,CONSUMER_PRICE_INFLATION,ANNUAL,COUNTRY_TOTAL,SPEARMAN_RANK_CORRELATION,30,6,2021,2025,-0.1815552352985588,NEGATIVE,CALCULATED,0,ASSOCIATION_NOT_CAUSATION|REPEATED_COUNTRY_OBSERVATIONS|CURRENT_EXTERNAL_DATA_VINTAGE
SENIOR_HIRE_12M,CONSUMER_PRICE_INFLATION,ANNUAL,COUNTRY_TOTAL,SPEARMAN_RANK_CORRELATION,24,6,2021,2024,-0.0026143852895809112,NEGATIVE,CALCULATED,6,ASSOCIATION_NOT_CAUSATION|REPEATED_COUNTRY_OBSERVATIONS|CURRENT_EXTERNAL_DATA_VINTAGE
REGRETTED_TURNOVER_12M,CONSUMER_PRICE_INFLATION,ANNUAL,COUNTRY_TOTAL,SPEARMAN_RANK_CORRELATION,30,6,2021,2025,-0.001557285873192436,NEGATIVE,CALCULATED,0,ASSOCIATION_NOT_CAUSATION|REPEATED_COUNTRY_OBSERVATIONS|CURRENT_EXTERNAL_DATA_VINTAGE
