"source_row_number","employee_id","country_code","business_unit","job_family","career_level","employment_type","hire_date","termination_date","termination_type","regretted_exit","source_system","record_updated_at","quality_warning_codes"
"2","ACP000001","BG","Supply Chain","Procurement","Individual Contributor","Permanent","2024-09-04","","","","HCM_A","2025-12-21",""
"3","ACP000002","BG","Digital","Data","Manager","Permanent","2022-11-24","","","","HCM_A","2025-12-22",""
"7","ACP000006","BG","Finance","Controls","Manager","Permanent","2023-06-21","2024-10-13","Voluntary","false","HCM_A","2025-12-26",""
"10","ACP000009","GR","Digital","Product","Individual Contributor","Permanent","2021-11-19","","","","HCM_A","2025-12-29",""
"11","ACP000010","GR","Digital","Software","Individual Contributor","Fixed Term","2025-05-29","","","","HCM_B","2025-12-30",""
"14","ACP000013","GR","Sales","Field Sales","Individual Contributor","Permanent","2023-05-04","","","","HCM_A","2025-12-21",""
"4","ACP000003","IE","Sales","Field Sales","Individual Contributor","Permanent","2025-09-21","","","","HCM_A","2025-12-23",""
"15","ACP000014","IE","Finance","Accounting","Senior Leader","Permanent","2021-01-31","","","","HCM_A","2025-12-22",""
"19","ACP000018","IE","Sales","Key Accounts","Individual Contributor","Permanent","2023-02-24","2023-12-11","Voluntary","false","HCM_A","2025-12-26",""
"5","ACP000004","IT","Digital","Product","Manager","Permanent","2020-05-29","","","","HCM_A","2025-12-24",""
"8","ACP000007","IT","Finance","FP&A","Manager","Permanent","2021-04-06","","","","HCM_A","2025-12-27",""
"12","ACP000011","IT","Supply Chain","Manufacturing","Senior Leader","Permanent","2024-11-02","2025-12-08","Voluntary","true","HCM_A","2025-12-31",""
"20","ACP000019","PL","Digital","Product","Individual Contributor","Permanent","2021-08-04","2022-01-26","End of Contract","false","HCM_A","2025-12-27",""
"21","ACP000020","PL","Digital","Product","Senior Leader","Fixed Term","2023-07-18","2024-01-09","Involuntary","false","HCM_B","2025-12-28",""
"34","ACP000033","PL","Finance","Controls","Manager","Fixed Term","2020-03-14","","","","HCM_A","2025-12-29",""
"6","ACP000005","RO","Finance","Accounting","Manager","Permanent","2021-05-21","","","","HCM_B","2025-12-25",""
"16","ACP000015","RO","Supply Chain","Manufacturing","Individual Contributor","Fixed Term","2021-08-05","2022-03-02","Voluntary","true","HCM_B","2025-12-23",""
"18","ACP000017","RO","Supply Chain","Manufacturing","Individual Contributor","Fixed Term","2023-01-24","2023-05-30","Involuntary","false","HCM_A","2025-12-25",""
